class,C9orf72_prevalence_pct
Preserved,4.6820304588329575
Cognitive-only,5.5450055938855245
Behavioural-only,5.0087094877369776
Severe/FTD,11.166497228134329
