model,BIC,LogLik,ARI_vs_official
Diagonal (official),13137.888767038465,-6372.6088931833865,1.0
Full covariance,13042.928996241446,-6045.600513069437,0.45336761641910783
