endpoint,logrank_chi2,logrank_p
overall_survival,5.775936913899821,0.1230350725848191
tracheostomy_free_survival,5.927694708908006,0.11518151791150542
